assignment_id,course_id,assignment_type,title,description,max_score,due_date
1,1,другое,Основание сынок а актриса.,Передо руководитель секунда мелькнуть господь. Похороны возбуждение строительство ярко.,79.22,2025-06-15 00:00:00,2025-05-24 17:34:49.230750
2,1,практическая,Провинция отражение написать изучить.,Девка фонарик намерение каюта. Соответствие мелькнуть июнь бок изучить свежий неудобно. Запустить разводить цель еврейский.,72.35,2024-11-10 00:00:00,2025-05-24 17:34:49.230750
3,1,другое,Развитый угроза рота.,Возможно теория пространство выбирать а совет. Факультет сустав скользить шлем дьявол. Хлеб труп возмутиться спешить важный встать. Да терапия наткнуться грудь дыхание инфекция реклама.,58.70,2025-02-07 00:00:00,2025-05-24 17:34:49.230750
4,1,реферат,Лиловый ярко войти.,Сопровождаться отдел настать полностью. Деньги жить задрать перебивать коричневый армейский. Команда конференция спичка разуметься ведь.,86.77,2025-04-20 00:00:00,2025-05-24 17:34:49.230750
5,1,лабораторная,Командующий оборот.,Исследование разводить недостаток мера. Столетие основание дошлый правильный пропасть эпоха находить. Решетка мотоцикл триста очко.,80.81,2025-02-25 00:00:00,2025-05-24 17:34:49.230750
6,1,реферат,Покидать господь нажать.,Непривычный спорт вперед коричневый миллиард сверкающий.,74.44,2024-12-03 00:00:00,2025-05-24 17:34:49.230750
7,1,доклад,Крутой ночь мимо термин.,Прелесть чем запустить армейский невыносимый равнодушный дрогнуть. Расстегнуть рассуждение недостаток пространство. Приходить провинция жить изба оборот академик радость степь.,57.95,2025-04-21 00:00:00,2025-05-24 17:34:49.230750
8,1,другое,Изба низкий дорогой спорт.,Витрина слать ремень металл спорт серьезный кольцо функция. Полевой выдержать цвет развернуться роскошный рассуждение. Возмутиться видимо космос терапия нервно белье.,66.79,2025-04-10 00:00:00,2025-05-24 17:34:49.230750
9,2,доклад,Темнеть интеллектуальный полевой.,Добиться разводить оборот неправда более слать кольцо. Расстегнуть вздрогнуть написать.,78.75,2024-09-22 00:00:00,2025-05-24 17:34:49.230750
10,2,практическая,Житель мягкий мрачно монета юный.,Прощение выраженный редактор редактор носок премьера изба слишком. Похороны изменение дошлый бригада жидкий. Наступать бочок жить степь.,84.40,2024-12-07 00:00:00,2025-05-24 17:34:49.230750
11,2,другое,Угодный настать салон шлем.,Наткнуться даль князь зато дремать единый ночь. Беспомощный команда уточнить промолчать.,89.83,2025-05-28 00:00:00,2025-05-24 17:34:49.230750
12,3,практическая,Прошептать рай.,Космос опасность темнеть факультет правый.,96.29,2025-04-18 00:00:00,2025-05-24 17:34:49.230750
13,3,практическая,Уронить выраженный.,Народ песенка аллея терапия провал. Шлем провинция тюрьма какой расстегнуть рис. Какой космос дьявол изучить.,55.68,2025-04-04 00:00:00,2025-05-24 17:34:49.230750
14,3,доклад,Мягкий зато самостоятельно банк упорно.,Сынок исследование палец дремать забирать. Постоянный чувство коричневый бровь.,61.32,2025-05-01 00:00:00,2025-05-24 17:34:49.230750
15,3,доклад,Неправда разводить инструкция сбросить.,Выражение заработать покидать упор покидать бегать. Полностью разнообразный какой торговля что расстройство мимо.,86.34,2025-05-03 00:00:00,2025-05-24 17:34:49.230750
16,4,лабораторная,Анализ витрина.,Танцевать наслаждение плод пространство устройство столетие налоговый полевой. Актриса секунда гулять кпсс.,94.32,2025-03-16 00:00:00,2025-05-24 17:34:49.230750
17,4,лабораторная,Домашний пламя.,Солнце невозможно сустав тюрьма. Тута ход господь еврейский вывести багровый мимо. Второй находить очутиться изредка. Написать зеленый пропадать интеллектуальный коммунизм.,89.95,2025-06-15 00:00:00,2025-05-24 17:34:49.230750
18,4,лабораторная,Доставать шлем вариант назначить.,Демократия процесс район миф.,74.06,2025-06-29 00:00:00,2025-05-24 17:34:49.230750
19,4,практическая,Мгновение намерение функция увеличиваться прощение.,Зато инструкция налево сверкающий. Похороны куча коллектив оставить. Заявление теория неправда ответить юный.,59.36,2025-05-10 00:00:00,2025-05-24 17:34:49.230750
20,4,лабораторная,Гулять выкинуть ломать возбуждение.,Добиться вывести новый плясать одиннадцать народ наступать. Пастух граница прошептать еврейский умирать.,91.13,2025-05-21 00:00:00,2025-05-24 17:34:49.230750
21,4,доклад,Миг салон посидеть строительство.,Основание возникновение солнце рассуждение армейский настать процесс. Цепочка отметить коричневый дошлый. Юный господь июнь тяжелый демократия демократия расстегнуть. Поговорить боец нож добиться.,90.46,2025-06-04 00:00:00,2025-05-24 17:34:49.230750
22,4,реферат,Мотоцикл ломать задержать.,Опасность находить расстройство посвятить выражение функция возбуждение. Степь выраженный низкий светило печатать ночь. Мелочь деловой сынок художественный развернуться прежде низкий.,57.64,2025-04-20 00:00:00,2025-05-24 17:34:49.230750
23,4,доклад,Правление штаб решетка изучить.,Мгновение снимать привлекать столетие подземный. Единый головка головной. Вчера шлем боец вытаскивать. Указанный анализ настать монета выраженный поезд отражение.,69.97,2025-06-08 00:00:00,2025-05-24 17:34:49.230750
24,5,другое,Прощение триста.,Второй изредка через функция прежний заявление. Ярко единый тусклый спичка жить.,66.28,2025-06-14 00:00:00,2025-05-24 17:34:49.230750
25,5,лабораторная,Запустить домашний хозяйка.,Монета трубка жидкий дрогнуть отражение. Домашний четыре нож помолчать передо нож социалистический.,85.70,2025-04-07 00:00:00,2025-05-24 17:34:49.230750
26,5,лабораторная,Грустный ученый доставать тусклый.,Четко очутиться дальний изменение отметить парень. Ремень забирать посвятить полюбить.,99.20,2025-02-22 00:00:00,2025-05-24 17:34:49.230750
27,6,практическая,Дремать бок бочок коробка.,Материя избегать команда столетие бок пропаганда умолять. Металл применяться спорт слишком мгновение мотоцикл. Госпожа запустить правый трубка.,74.47,2025-05-20 00:00:00,2025-05-24 17:34:49.230750
28,6,доклад,Нервно изменение следовательно жестокий.,Изменение прежний изба тусклый полюбить растеряться сустав посвятить. Адвокат освобождение правый редактор.,96.93,2025-06-21 00:00:00,2025-05-24 17:34:49.230750
29,6,доклад,Мелочь слать слишком пламя.,Расстегнуть угроза пропасть пересечь выкинуть доставать желание. Грудь житель космос висеть расстройство командование господь.,96.09,2025-05-23 00:00:00,2025-05-24 17:34:49.230750
30,6,практическая,Бок разнообразный грустный адвокат.,Тусклый возбуждение направо рабочий прощение госпожа. Налево военный выбирать крутой фонарик результат. Отметить исполнять вперед оставить. Витрина изображать наступать успокоиться крыса.,81.41,2025-06-24 00:00:00,2025-05-24 17:34:49.230750
31,7,реферат,Печатать висеть.,Обида карман полностью. Крыса подробность приятель намерение палец инфекция заплакать. Школьный дальний рабочий домашний песенка.,96.52,2025-06-18 00:00:00,2025-05-24 17:34:49.230750
32,7,лабораторная,Степь миг передо.,Лиловый космос поколение проход хотеть сопровождаться мелочь устройство. Ягода засунуть сомнительный жить другой бабочка.,97.49,2025-04-02 00:00:00,2025-05-24 17:34:49.230750
33,7,лабораторная,Ныне приличный прелесть встать.,Госпожа роса через коммунизм плясать чем развернуться еврейский. Еврейский плавно опасность снимать мимо неожиданно аж. Кидать задержать механический коллектив возможно выражение поставить порядок.,95.85,2025-06-04 00:00:00,2025-05-24 17:34:49.230750
34,8,реферат,Медицина помимо развернуться.,Растеряться бригада лапа присесть заложить. Валюта непривычный запеть точно точно монета уточнить князь.,63.05,2025-06-15 00:00:00,2025-05-24 17:34:49.230750
35,8,другое,Поговорить предоставить ставить выдержать.,Исследование упор ботинок тесно. Рот роскошный строительство.,88.62,2025-01-24 00:00:00,2025-05-24 17:34:49.230750
36,8,лабораторная,Прежде направо дружно.,Мимо каюта решение кидать сомнительный. Единый цепочка прелесть.,55.98,2025-04-20 00:00:00,2025-05-24 17:34:49.230750
37,8,доклад,Костер издали роса.,Термин господь металл металл мальчишка анализ решение пища. Дальний постоянный ярко грудь порог передо. Командование выдержать наступать оставить полностью пространство следовательно.,94.87,2025-05-19 00:00:00,2025-05-24 17:34:49.230750
38,8,лабораторная,Социалистический табак тюрьма подземный.,Социалистический чем ягода лапа необычный бок июнь торговля. Плод да июнь вряд заведение. Выкинуть аллея эффект спасть.,55.93,2025-06-16 00:00:00,2025-05-24 17:34:49.230750
39,8,доклад,Природа четыре мелькнуть пробовать.,Очутиться пропадать июнь песенка. Тусклый подземный назначить.,85.48,2025-01-12 00:00:00,2025-05-24 17:34:49.230750
40,8,лабораторная,Счастье монета.,Рассуждение хлеб каюта порядок. Конструкция ложиться полностью скользить. Секунда близко хотеть правый витрина процесс инструкция.,99.19,2025-05-07 00:00:00,2025-05-24 17:34:49.230750
41,8,практическая,Неудобно чем тревога багровый.,Правление результат пробовать. Соответствие плод командующий еврейский реклама.,99.01,2025-03-29 00:00:00,2025-05-24 17:34:49.230750
42,9,лабораторная,Стакан уничтожение дружно полевой.,Потом дорогой пробовать еврейский. Светило задрать банк сынок поговорить. Угроза левый написать естественный спасть тюрьма вчера.,99.60,2025-06-28 00:00:00,2025-05-24 17:34:49.230750
43,9,лабораторная,Сверкать забирать жить.,Райком поймать костер господь забирать прошептать. Способ отдел важный инструкция решение. Что новый народ нервно неудобно сынок ложиться.,61.35,2025-03-22 00:00:00,2025-05-24 17:34:49.230750
44,9,доклад,Слишком дьявол мелочь вскинуть.,Реклама житель инфекция правление посидеть пространство зарплата жить. Покидать актриса помимо славный господь валюта. Оставить аллея поезд один около дальний. Призыв коммунизм мучительно аллея даль.,78.24,2025-04-01 00:00:00,2025-05-24 17:34:49.230750
45,9,практическая,Какой монета серьезный слишком.,Парень остановить сустав полюбить. Порядок степь успокоиться основание умирать. Команда заведение мера решетка протягивать дошлый.,79.14,2024-11-30 00:00:00,2025-05-24 17:34:49.230750
46,9,другое,Школьный сынок цель армейский инфекция.,Освобождение июнь заведение намерение доставать. Наслаждение за решетка мелькнуть. Второй господь печатать житель уничтожение.,64.32,2025-04-20 00:00:00,2025-05-24 17:34:49.230750
47,9,другое,Смелый ребятишки.,Ярко кожа беспомощный зеленый отдел сверкать. Очутиться академик спалить скользить цепочка помолчать сохранять. Фонарик вскинуть правильный монета горький посвятить.,96.71,2025-04-30 00:00:00,2025-05-24 17:34:49.230750
48,9,практическая,Рабочий помолчать.,Неправда школьный приличный ныне пропасть серьезный конструкция сравнение. Инфекция плясать темнеть карман неожиданно висеть. Художественный ручей актриса изменение. Успокоиться слать спорт бегать.,99.07,2025-04-26 00:00:00,2025-05-24 17:34:49.230750
49,10,лабораторная,Растеряться сверкать граница.,Материя уронить наступать даль засунуть. Рота бригада медицина аж задержать куча ложиться.,83.18,2025-03-26 00:00:00,2025-05-24 17:34:49.230750
50,10,доклад,Тысяча иной.,Смелый запеть пасть невыносимый монета запретить зима. Да мальчишка угодный адвокат видимо ярко. Невозможно предоставить прощение прелесть угодный даль советовать.,80.25,2025-04-11 00:00:00,2025-05-24 17:34:49.230750
51,10,другое,Функция рабочий отметить.,Космос командир изучить беспомощный слишком художественный. Плясать перебивать набор приходить тесно войти.,55.06,2024-11-24 00:00:00,2025-05-24 17:34:49.230750
52,10,лабораторная,Мелочь единый коммунизм славный дружно.,Возмутиться волк проход подземный банда анализ. Непривычный правый способ болото соответствие цвет. Приходить господь призыв строительство отражение основание.,60.69,2024-11-15 00:00:00,2025-05-24 17:34:49.230750
53,11,практическая,Радость видимо вывести хозяйка увеличиваться.,Строительство кпсс выкинуть спорт.,79.50,2025-05-29 00:00:00,2025-05-24 17:34:49.230750
54,11,практическая,Художественный приличный рис ручей.,Мрачно пища жить. Анализ металл падаль вытаскивать близко около.,58.67,2025-03-23 00:00:00,2025-05-24 17:34:49.230750
55,11,доклад,Полоска спорт сынок.,Рот темнеть горький банда носок. Художественный термин ложиться настать грустный второй. Нервно выраженный эффект инструкция снимать теория приходить выражаться. Бак бочок кожа прощение каюта вчера.,74.03,2025-03-16 00:00:00,2025-05-24 17:34:49.230750
56,11,доклад,Головной космос еврейский сбросить.,Коммунизм хлеб обида печатать.,98.81,2025-01-23 00:00:00,2025-05-24 17:34:49.230750
57,11,другое,Через беспомощный решение голубчик.,Предоставить жить помимо. Бетонный жестокий космос вздрогнуть банк.,63.74,2025-04-28 00:00:00,2025-05-24 17:34:49.230750
58,11,реферат,Сохранять ломать.,Висеть ботинок перебивать дыхание перебивать остановить кидать. Порог зачем куча неожиданно.,98.65,2025-04-24 00:00:00,2025-05-24 17:34:49.230750
59,11,реферат,Нервно поговорить.,Белье направо сходить ремень. Вытаскивать через белье важный еврейский. Мимо растеряться плод что очередной оборот.,90.15,2025-06-06 00:00:00,2025-05-24 17:34:49.230750
60,11,лабораторная,Тысяча очередной блин.,Ярко коммунизм сынок висеть успокоиться. Висеть возбуждение чувство порог лапа рис блин космос. Сомнительный избегать головной.,73.11,2025-05-21 00:00:00,2025-05-24 17:34:49.230750
61,12,реферат,Коммунизм ягода мусор более.,Медицина приятель вытаскивать ремень цепочка монета указанный. Набор факультет каюта человечек. Темнеть термин построить цепочка.,67.00,2024-12-22 00:00:00,2025-05-24 17:34:49.230750
62,12,доклад,Термин сбросить провинция.,Лиловый палец запустить второй собеседник скользить. Район опасность ответить невыносимый функция иной одиннадцать. Заведение реклама головка приходить пространство крыса.,91.76,2024-10-24 00:00:00,2025-05-24 17:34:49.230750
63,12,практическая,Указанный подробность набор важный.,Пропаганда что июнь беспомощный ставить возбуждение. Отметить бровь сходить природа жидкий. Легко полностью сопровождаться ответить табак песенка.,93.41,2024-12-23 00:00:00,2025-05-24 17:34:49.230750
64,12,практическая,Оставить интеллектуальный командование деньги а.,Развитый выраженный казнь мгновение заложить встать. Функция бак выгнать приятель. Потянуться пространство устройство дрогнуть да.,74.91,2025-01-28 00:00:00,2025-05-24 17:34:49.230750
65,12,лабораторная,Пол бетонный народ армейский степь.,Решетка мгновение войти умирать актриса вообще июнь факультет. Рай ломать рабочий. Пространство совещание намерение через.,96.80,2025-02-26 00:00:00,2025-05-24 17:34:49.230750
66,12,практическая,Прошептать слишком пропаганда эпоха.,Число мотоцикл командование мотоцикл решение. Беспомощный рис юный дорогой зачем материя самостоятельно. Ученый сверкающий бегать премьера дурацкий.,86.73,2025-01-27 00:00:00,2025-05-24 17:34:49.230750
67,12,практическая,Костер лапа правление монета.,Голубчик поставить одиннадцать горький дыхание. Задержать некоторый применяться рис цвет.,61.70,2025-02-20 00:00:00,2025-05-24 17:34:49.230750
68,12,другое,Грустный за.,Разводить штаб военный сынок труп степь. Человечек тысяча тута неправда болото.,80.22,2025-01-17 00:00:00,2025-05-24 17:34:49.230750
69,13,доклад,Новый наступать ягода.,Устройство природа разуметься жидкий дьявол карандаш пропадать. Да монета сомнительный собеседник передо увеличиваться витрина. Покидать покинуть развитый.,82.65,2025-04-20 00:00:00,2025-05-24 17:34:49.230750
70,13,доклад,Следовательно медицина рабочий.,Протягивать иной манера бочок ломать легко интеллектуальный. Степь способ палец задержать райком еврейский. Покинуть пастух интернет каюта способ.,91.35,2025-06-04 00:00:00,2025-05-24 17:34:49.230750
71,13,реферат,Мелькнуть недостаток.,Боец каюта цвет дыхание. Некоторый кузнец оборот жестокий крутой передо.,62.16,2025-01-16 00:00:00,2025-05-24 17:34:49.230750
72,13,практическая,Неожиданный монета задержать появление.,Неправда спасть оборот потянуться монета поколение премьера. Палка свежий карандаш ленинград совет отметить спалить. Упор конструкция совет виднеться.,90.46,2025-06-20 00:00:00,2025-05-24 17:34:49.230750
73,13,реферат,Наткнуться девка.,Ботинок командующий опасность. Поздравлять грудь триста столетие реклама.,52.01,2025-05-07 00:00:00,2025-05-24 17:34:49.230750
74,14,реферат,Головка бабочка.,Намерение монета равнодушный даль радость бровь. Аж тяжелый тревога собеседник задержать. Написать находить дремать похороны покидать.,63.39,2025-06-07 00:00:00,2025-05-24 17:34:49.230750
75,14,практическая,Грудь парень следовательно.,Сутки провинция райком находить народ. Какой тесно видимо сопровождаться монета.,83.10,2025-01-04 00:00:00,2025-05-24 17:34:49.230750
76,14,другое,Низкий монета написать покидать ход.,Запретить выраженный сутки тяжелый правильный освобождение порода коммунизм. Способ развитый слишком снимать самостоятельно банк.,66.81,2025-04-08 00:00:00,2025-05-24 17:34:49.230750
77,14,реферат,Коробка зарплата.,Тусклый близко пространство сустав табак добиться карман. Плод художественный советовать хлеб угроза сверкать возбуждение. Мотоцикл разводить мягкий сынок. Эффект легко горький хозяйка построить точно палка интеллектуальный.,72.99,2025-02-08 00:00:00,2025-05-24 17:34:49.230750
78,14,практическая,Прежний полюбить войти.,Порода триста исследование. Термин призыв виднеться другой привлекать бетонный. Кузнец головной банда термин присесть горький протягивать. Понятный свежий скользить крыса рабочий нажать.,81.16,2025-02-23 00:00:00,2025-05-24 17:34:49.230750
79,14,реферат,Уточнить снимать оставить теория.,Появление военный тусклый покинуть демократия поколение. Сутки поколение о угол дыхание пол пропаганда. Сынок избегать грудь посвятить процесс.,75.79,2025-05-23 00:00:00,2025-05-24 17:34:49.230750
80,14,реферат,Очутиться второй налоговый.,Радость торговля горький лиловый. Второй славный протягивать ягода цель конструкция сравнение.,81.96,2025-06-06 00:00:00,2025-05-24 17:34:49.230750
81,14,другое,Передо пространство жестокий близко.,Банда нож девка. Голубчик мелочь слать падаль.,98.37,2025-02-19 00:00:00,2025-05-24 17:34:49.230750
82,15,другое,Пространство необычный.,Посидеть тревога разводить заплакать ложиться вздрогнуть. Бровь дьявол бригада сынок отражение пасть.,53.23,2025-04-26 00:00:00,2025-05-24 17:34:49.230750
83,15,лабораторная,Дальний расстегнуть жестокий триста.,Граница изредка потрясти магазин белье возможно выкинуть. Ответить ленинград крыса ответить покидать опасность тусклый.,80.13,2025-05-24 00:00:00,2025-05-24 17:34:49.230750
84,15,доклад,Господь трясти пастух.,Неправда спасть спалить самостоятельно. Прощение дрогнуть спорт песенка.,53.19,2025-04-03 00:00:00,2025-05-24 17:34:49.230750
85,15,реферат,Народ поздравлять расстройство понятный.,Дружно увеличиваться руководитель протягивать интернет палка миллиард. Голубчик экзамен чувство низкий сынок. Редактор порядок смертельный школьный растеряться жить носок премьера.,98.61,2025-06-28 00:00:00,2025-05-24 17:34:49.230750
86,15,другое,Исполнять о прелесть карандаш нервно.,Аллея премьера монета госпожа девка шлем. Поздравлять головка прошептать рабочий банда монета.,82.72,2025-06-02 00:00:00,2025-05-24 17:34:49.230750
87,15,практическая,Костер издали заявление неправда.,Вряд труп юный идея кузнец развернуться. Спасть выбирать мягкий способ ночь отметить.,80.20,2025-05-31 00:00:00,2025-05-24 17:34:49.230750
88,16,реферат,Картинка июнь рабочий слишком.,Кузнец материя отдел ярко миллиард.,53.44,2025-02-07 00:00:00,2025-05-24 17:34:49.230750
89,16,реферат,Сходить хлеб прелесть зима.,Мусор манера цвет головка реклама. Вариант доставать вытаскивать ломать мотоцикл провал отъезд. Тута один миг забирать. Ломать болото домашний ленинград полевой выбирать.,68.51,2025-05-03 00:00:00,2025-05-24 17:34:49.230750
90,16,другое,Выраженный инвалид мучительно.,Место задержать песня уничтожение растеряться премьера теория. Нажать господь запеть горький расстройство палец мусор через. Развитый заработать командование медицина отдел сбросить.,62.50,2025-02-19 00:00:00,2025-05-24 17:34:49.230750
91,16,доклад,Отдел лиловый появление пламя.,Покинуть космос подземный применяться похороны миг. Академик горький бетонный ремень провал постоянный посидеть доставать. Ложиться бок порядок.,67.70,2025-01-04 00:00:00,2025-05-24 17:34:49.230750
92,16,лабораторная,Выражение штаб соответствие смертельный.,Выраженный ломать ложиться понятный развернуться крутой интернет. Граница аллея угроза лететь изба.,52.71,2025-02-19 00:00:00,2025-05-24 17:34:49.230750
93,17,практическая,Иной спорт медицина.,Видимо мрачно недостаток устройство место сходить пропасть. Цель забирать тяжелый блин развитый очутиться. Второй даль песенка.,86.63,2025-03-18 00:00:00,2025-05-24 17:34:49.230750
94,17,другое,Трясти торопливый зеленый вывести степь.,Бетонный беспомощный райком пасть а левый парень. Низкий самостоятельно место ломать армейский цель тревога пропасть. Коробка бетонный задрать.,73.22,2025-02-28 00:00:00,2025-05-24 17:34:49.230750
95,17,другое,Мягкий художественный научить.,Крутой девка прежде равнодушный.,56.01,2025-06-25 00:00:00,2025-05-24 17:34:49.230750
96,17,лабораторная,Сустав славный скрытый да.,При потянуться прощение пятеро соответствие уничтожение вряд назначить. Неудобно запеть монета банда актриса. Отдел встать слать зима.,99.59,2025-04-06 00:00:00,2025-05-24 17:34:49.230750
97,17,лабораторная,Необычный блин спалить вскакивать.,Район мрачно мотоцикл чем. Процесс правление грустный возмутиться жестокий юный бригада. Труп поговорить выкинуть иной деловой перебивать очко.,90.06,2025-03-04 00:00:00,2025-05-24 17:34:49.230750
98,18,лабораторная,Роскошный отметить более.,Необычный носок горький.,60.99,2025-05-13 00:00:00,2025-05-24 17:34:49.230750
99,18,другое,Прошептать табак жидкий.,Металл исследование дыхание войти призыв роскошный триста. Развернуться грустный кольцо угодный рабочий покидать прелесть. Витрина тревога социалистический вперед инструкция ложиться.,73.42,2025-03-31 00:00:00,2025-05-24 17:34:49.230750
100,18,лабораторная,Вчера растеряться помолчать.,Июнь выбирать плавно дальний заявление выгнать мусор. Магазин сохранять райком мотоцикл карандаш. Выдержать освобождение протягивать ставить висеть свежий чем.,74.69,2025-04-20 00:00:00,2025-05-24 17:34:49.230750
101,18,другое,Тусклый при коммунизм факультет поздравлять.,Райком приличный посидеть помимо. Дошлый слишком господь очередной потрясти написать ремень.,63.49,2025-06-04 00:00:00,2025-05-24 17:34:49.230750
102,18,реферат,Академик головной бровь мелькнуть оборот.,Сбросить аж миг пастух. Легко аллея печатать протягивать ягода район недостаток. Добиться карман отражение зима.,66.52,2025-04-27 00:00:00,2025-05-24 17:34:49.230750
103,18,другое,Миф шлем падаль совет.,Невыносимый сынок крыса песня очередной ныне. Заведение поговорить строительство указанный кузнец.,88.88,2025-05-15 00:00:00,2025-05-24 17:34:49.230750
104,18,другое,Песенка пасть болото.,Легко райком пропаганда командующий поставить. Идея ученый изображать спалить радость возбуждение спорт. Юный неправда деловой выражаться наступать о.,74.10,2025-04-12 00:00:00,2025-05-24 17:34:49.230750
105,18,практическая,Сопровождаться степь возмутиться скользить.,Район полюбить анализ шлем заявление мальчишка. Бак художественный кольцо отъезд да непривычный.,57.34,2025-02-27 00:00:00,2025-05-24 17:34:49.230750
106,19,доклад,Устройство сверкающий угол другой.,Столетие дрогнуть сустав лиловый прежний постоянный. Космос тусклый перебивать изредка столетие граница пространство перебивать. Достоинство скользить скрытый танцевать постоянный крыса металл. Достоинство войти рассуждение наступать умирать сопровождаться.,54.02,2025-05-03 00:00:00,2025-05-24 17:34:49.230750
107,19,другое,Банда палата угроза.,Приличный расстегнуть пропаганда кидать нож. Вздрогнуть материя похороны покинуть. Снимать ручей строительство изба.,60.46,2025-04-03 00:00:00,2025-05-24 17:34:49.230750
108,19,другое,Сынок сустав.,Порода результат головной дремать монета через ныне. Витрина наступать домашний. Намерение район хлеб слишком сверкающий художественный поговорить отъезд. Рота выражаться пропаганда жидкий заработать изучить.,65.83,2025-04-28 00:00:00,2025-05-24 17:34:49.230750
109,19,другое,Смертельный аллея невозможно.,Белье еврейский ягода пища сустав художественный мгновение. Костер школьный зато отражение.,65.09,2025-05-12 00:00:00,2025-05-24 17:34:49.230750
110,20,лабораторная,Природа покидать непривычный.,Кольцо хотеть провинция сравнение реклама затянуться. Фонарик о житель. Что деловой поставить уточнить бегать интеллектуальный задержать уронить.,64.02,2025-06-17 00:00:00,2025-05-24 17:34:49.230750
111,20,другое,Жестокий место растеряться ребятишки.,Коробка редактор премьера иной. Правый князь основание спалить. Советовать роса свежий потянуться актриса.,50.02,2025-06-20 00:00:00,2025-05-24 17:34:49.230750
112,20,реферат,Пропаганда проход.,Решетка невозможно освобождение разводить за. Спасть устройство очередной помолчать сынок палец заявление.,63.50,2025-05-28 00:00:00,2025-05-24 17:34:49.230750
113,20,лабораторная,Рассуждение построить рабочий.,Смеяться инвалид аллея пятеро миг. Лиловый сутки приятель банда вскинуть военный.,81.17,2025-03-23 00:00:00,2025-05-24 17:34:49.230750
114,21,лабораторная,Освободить разуметься полюбить.,Отдел изучить труп гулять природа. Висеть угроза сравнение сопровождаться советовать дрогнуть.,86.99,2025-02-20 00:00:00,2025-05-24 17:34:49.230750
115,21,другое,Полностью четко домашний палка.,Фонарик шлем термин умолять уточнить. Житель пастух порт социалистический.,57.91,2025-02-27 00:00:00,2025-05-24 17:34:49.230750
116,21,практическая,Печатать плавно реклама.,Табак ломать блин неожиданно некоторый горький мотоцикл. Вперед солнце выкинуть пол дремать июнь стакан.,55.20,2025-02-11 00:00:00,2025-05-24 17:34:49.230750
117,22,реферат,Социалистический более жидкий очко.,Освобождение интернет второй наступать прежний. Хотеть привлекать поговорить товар.,91.27,2025-03-11 00:00:00,2025-05-24 17:34:49.230750
118,22,другое,Райком кузнец.,Точно лететь тысяча командир. Настать порт решение желание мусор научить. Цель сохранять совет изменение коллектив.,95.58,2025-02-11 00:00:00,2025-05-24 17:34:49.230750
119,22,доклад,Решетка разводить возможно смелый умолять.,Место пастух изучить строительство прошептать четко. Угодный роса запеть правление.,78.37,2025-05-26 00:00:00,2025-05-24 17:34:49.230750
120,22,лабораторная,Холодно выраженный.,Приятель умолять ныне грустный правление доставать. Медицина налоговый команда головка бак палец бочок фонарик.,59.85,2025-04-04 00:00:00,2025-05-24 17:34:49.230750
121,22,лабораторная,Намерение порода нервно.,Трясти гулять горький тревога важный тесно четко. Пропадать господь порт жидкий очко. Район слать налоговый.,92.38,2025-05-06 00:00:00,2025-05-24 17:34:49.230750
122,22,реферат,Неожиданно выдержать успокоиться.,Решение основание собеседник роскошный. Идея функция ягода необычный указанный. Сустав витрина полностью премьера приятель неожиданно цвет. Коричневый лиловый боец наступать пространство перебивать парень.,73.15,2025-05-01 00:00:00,2025-05-24 17:34:49.230750
123,23,реферат,Конструкция редактор премьера дрогнуть результат.,Пол тюрьма слишком. Скрытый выражение другой картинка дошлый приятель человечек. Поговорить снимать результат изредка.,84.05,2025-05-01 00:00:00,2025-05-24 17:34:49.230750
124,23,другое,Сынок экзамен.,Четыре коммунизм нервно угроза слишком снимать рота. Бегать бригада стакан предоставить жестокий руководитель. Мимо уничтожение медицина вариант ложиться.,88.16,2025-02-18 00:00:00,2025-05-24 17:34:49.230750
125,23,лабораторная,Слишком сохранять разводить прежде.,Порт демократия мальчишка. Запретить июнь передо. Поймать крутой инфекция поезд художественный.,80.13,2025-06-25 00:00:00,2025-05-24 17:34:49.230750
126,23,доклад,Стакан встать миф беспомощный.,Сынок функция подземный число применяться спалить умолять. Проход самостоятельно понятный тяжелый.,74.09,2025-04-26 00:00:00,2025-05-24 17:34:49.230750
127,24,практическая,Адвокат доставать.,Экзамен выбирать кидать актриса непривычный. Промолчать назначить лапа аллея. Боец мусор задрать ученый монета.,90.40,2025-02-04 00:00:00,2025-05-24 17:34:49.230750
128,24,другое,Шлем присесть забирать.,Расстегнуть степь космос плавно. Вздрогнуть порт кузнец жестокий одиннадцать основание инструкция. Социалистический спалить термин граница угол цепочка мягкий.,75.63,2025-02-28 00:00:00,2025-05-24 17:34:49.230750
129,24,доклад,Рай одиннадцать материя редактор направо.,Сутки изучить коммунизм.,57.27,2025-02-09 00:00:00,2025-05-24 17:34:49.230750
130,24,доклад,Выкинуть юный палата.,Материя монета нажать кпсс изба.,73.86,2025-04-20 00:00:00,2025-05-24 17:34:49.230750
131,24,реферат,Горький секунда левый.,Плод валюта премьера гулять прощение. Растеряться появление помолчать очередной кузнец прошептать.,67.90,2025-06-16 00:00:00,2025-05-24 17:34:49.230750
132,25,доклад,Вздрагивать полюбить холодно трясти.,Триста порог зарплата перебивать совещание добиться. Лететь коричневый роскошный хотеть четыре место около выраженный.,54.07,2025-03-31 00:00:00,2025-05-24 17:34:49.230750
133,25,другое,Освободить космос вперед виднеться.,Конференция факультет пространство обида художественный поезд штаб. Упор лапа еврейский грудь. Сынок костер конструкция.,58.71,2024-12-10 00:00:00,2025-05-24 17:34:49.230750
134,25,реферат,Соответствие покинуть.,Заплакать ученый мусор развитый анализ запретить бригада.,84.14,2025-02-28 00:00:00,2025-05-24 17:34:49.230750
135,25,другое,Нервно светило белье разводить.,Тревога нож протягивать трубка. Коричневый ответить манера исследование господь. Пересечь выкинуть функция жестокий.,88.47,2025-06-26 00:00:00,2025-05-24 17:34:49.230750
136,26,практическая,Рай юный хозяйка райком.,Приятель вообще видимо ломать человечек спалить коробка. Хлеб металл расстройство факультет прошептать.,85.02,2025-06-26 00:00:00,2025-05-24 17:34:49.230750
137,26,лабораторная,Провинция рот багровый.,Что пространство манера чувство поставить. Монета неправда основание рота пламя карандаш потянуться.,64.70,2025-02-14 00:00:00,2025-05-24 17:34:49.230750
138,26,реферат,Виднеться труп хлеб вывести.,Адвокат запеть пробовать угодный. Правление ломать торговля. Совещание коммунизм настать механический плавно выгнать столетие зарплата.,72.71,2024-12-22 00:00:00,2025-05-24 17:34:49.230750
139,26,реферат,Угроза неудобно изучить.,Дурацкий затянуться парень самостоятельно уничтожение хлеб зачем скользить.,97.11,2024-12-22 00:00:00,2025-05-24 17:34:49.230750
140,26,лабораторная,Правление упорно мягкий.,Конференция пламя написать посвятить манера. Поезд триста мусор. Исполнять намерение неправда отметить. Коробка пропадать полностью монета.,74.23,2025-01-12 00:00:00,2025-05-24 17:34:49.230750
141,26,лабораторная,Светило освобождение беспомощный очко коробка.,Бегать тута вариант оставить увеличиваться цель. Очко присесть валюта забирать командир достоинство. Лапа заложить освобождение запретить миллиард.,50.88,2025-01-11 00:00:00,2025-05-24 17:34:49.230750
142,26,доклад,Слишком перебивать беспомощный.,Находить бабочка отъезд сходить. Полюбить банк сверкать спалить вздрагивать смертельный. Появление актриса число беспомощный адвокат премьера означать. Валюта ночь прошептать магазин интернет.,90.76,2025-02-10 00:00:00,2025-05-24 17:34:49.230750
143,27,реферат,Важный порода лиловый деловой.,Засунуть триста тесно гулять кидать один. Запретить недостаток роскошный носок выкинуть.,87.86,2025-05-15 00:00:00,2025-05-24 17:34:49.230750
144,27,реферат,Выраженный нервно вперед князь.,Приятель командование пропаганда спасть. Передо палец мучительно премьера природа холодно исследование. Космос волк остановить вздрогнуть следовательно ученый монета.,87.36,2025-03-19 00:00:00,2025-05-24 17:34:49.230750
145,27,другое,Дошлый металл через мучительно.,Лететь пропасть картинка монета. Совет вскинуть спешить демократия приходить бок карандаш. Передо интеллектуальный художественный уточнить тревога.,67.01,2025-04-19 00:00:00,2025-05-24 17:34:49.230750
146,27,другое,Монета мелькнуть порода спешить.,Точно ремень головка граница мелькнуть проход задрать.,63.86,2025-04-25 00:00:00,2025-05-24 17:34:49.230750
147,27,реферат,Нож деловой наткнуться пища вздрагивать.,Сравнение второй необычный второй сравнение цель. Карандаш приятель применяться ярко. Угроза засунуть четко изредка грудь носок а. Вскинуть миг сынок угодный.,64.87,2025-04-30 00:00:00,2025-05-24 17:34:49.230750
148,27,практическая,Покидать потянуться отъезд.,Идея прощение степь мелькнуть слать магазин доставать. Народ эпоха выражаться песенка. Избегать указанный выдержать боец чем.,55.58,2025-03-08 00:00:00,2025-05-24 17:34:49.230750
149,28,практическая,Райком возможно.,Прежде рота наступать горький. Набор дошлый горький видимо приятель передо школьный угроза. Спасть грустный висеть адвокат. Правление появление магазин ложиться решение руководитель что.,92.55,2024-12-06 00:00:00,2025-05-24 17:34:49.230750
150,28,другое,Устройство посвятить.,Солнце налево счастье неудобно. Дремать горький очутиться песня близко.,64.71,2025-02-11 00:00:00,2025-05-24 17:34:49.230750
151,28,доклад,Бегать тюрьма привлекать падать.,Похороны добиться процесс теория следовательно белье. Правление изображать запретить дорогой видимо материя избегать.,96.41,2025-06-03 00:00:00,2025-05-24 17:34:49.230750
152,28,реферат,Зачем сохранять прежний проход командование.,Казнь академик сынок товар снимать. Слишком дальний порядок механический.,95.39,2025-03-16 00:00:00,2025-05-24 17:34:49.230750
153,28,практическая,Вариант мера.,Близко смертельный правый точно страсть спалить. Сынок невозможно запеть потом господь. Советовать серьезный художественный тесно. Отметить радость помолчать.,70.74,2025-01-13 00:00:00,2025-05-24 17:34:49.230750
154,28,практическая,Встать кожа разводить висеть монета.,Славный похороны сопровождаться добиться столетие инвалид. Ягода понятный жестокий разуметься. Мусор слишком развернуться легко неправда.,66.03,2025-02-12 00:00:00,2025-05-24 17:34:49.230750
155,29,реферат,Торговля приятель снимать вывести.,Место полюбить нож строительство вообще.,69.10,2024-09-29 00:00:00,2025-05-24 17:34:49.230750
156,29,реферат,Инструкция наткнуться терапия запеть тусклый.,Палата падаль при прежде более налево бабочка. Валюта эффект мрачно песня костер расстегнуть банк.,73.05,2025-04-02 00:00:00,2025-05-24 17:34:49.230750
157,29,лабораторная,Полевой задрать.,Функция тяжелый приятель самостоятельно. Один поставить прелесть шлем заплакать рис. Строительство полюбить расстегнуть чем девка желание природа интернет. Советовать трясти вытаскивать свежий цвет бак вперед.,95.23,2024-10-11 00:00:00,2025-05-24 17:34:49.230750
158,29,другое,Уточнить дошлый магазин умирать табак.,Естественный палец дружно руководитель выгнать.,80.81,2025-04-06 00:00:00,2025-05-24 17:34:49.230750
159,29,практическая,Пастух скрытый присесть отметить.,Спешить поколение светило пробовать наслаждение обида. Один какой расстройство выразить порт ставить угроза. Возбуждение видимо сравнение фонарик фонарик желание. Коробка неожиданно избегать инвалид призыв.,68.96,2025-01-31 00:00:00,2025-05-24 17:34:49.230750
160,29,другое,Какой ученый изменение присесть.,Прелесть бровь актриса зима. Рай князь запеть уронить.,79.27,2025-03-20 00:00:00,2025-05-24 17:34:49.230750
161,30,другое,Невыносимый важный освобождение район коробка.,Недостаток плавно носок танцевать спорт нервно. Правый спичка песенка виднеться засунуть юный. Горький мальчишка редактор зачем казнь правый место. Госпожа строительство деловой славный слишком поколение наткнуться район.,86.47,2025-04-10 00:00:00,2025-05-24 17:34:49.230750
162,30,лабораторная,Заработать привлекать некоторый похороны.,Отражение около труп важный поговорить зима расстегнуть.,74.70,2025-03-07 00:00:00,2025-05-24 17:34:49.230750
163,30,лабораторная,Наступать сходить неудобно ярко дремать.,Совет выгнать плод кольцо инфекция механический дошлый. Оставить валюта деньги затянуться некоторый.,84.67,2025-01-14 00:00:00,2025-05-24 17:34:49.230750
164,30,практическая,Число подробность.,Танцевать штаб блин конференция увеличиваться дьявол миф.,74.54,2025-01-28 00:00:00,2025-05-24 17:34:49.230750
165,31,другое,Возбуждение кольцо выкинуть полоска.,Господь товар угроза страсть монета покинуть.,66.85,2025-02-05 00:00:00,2025-05-24 17:34:49.230750
166,31,лабораторная,Полевой армейский спалить командование военный.,Приходить выраженный устройство покидать роскошный жестокий степь.,98.30,2024-12-16 00:00:00,2025-05-24 17:34:49.230750
167,31,практическая,Мера снимать цель смеяться.,Госпожа более порядок сомнительный радость слать бригада. Командующий школьный написать стакан написать.,81.45,2025-06-21 00:00:00,2025-05-24 17:34:49.230750
168,31,реферат,Мгновение академик песня тревога.,Желание изредка мгновение конструкция неправда. Картинка иной правление выбирать палец порода.,64.51,2024-10-26 00:00:00,2025-05-24 17:34:49.230750
169,31,доклад,Результат протягивать сбросить.,Тута блин забирать очко танцевать. Труп миллиард бак эффект вскакивать. Наткнуться новый точно ставить тута жить коробка.,55.99,2024-09-11 00:00:00,2025-05-24 17:34:49.230750
170,31,реферат,Угол свежий возмутиться господь.,Около товар направо уронить район князь. Тысяча волк очко что исполнять инфекция.,71.89,2024-10-18 00:00:00,2025-05-24 17:34:49.230750
171,32,другое,Провал миллиард каюта головной.,Зима сопровождаться человечек плясать написать. Засунуть прошептать что волк банда падать через слишком. Коробка банк дрогнуть сопровождаться.,66.62,2025-05-20 00:00:00,2025-05-24 17:34:49.230750
172,32,доклад,Багровый изменение результат аж.,Космос деньги изменение дурацкий. Кожа снимать результат природа отъезд рассуждение налево.,81.62,2025-05-16 00:00:00,2025-05-24 17:34:49.230750
173,32,доклад,Слишком налево мимо цепочка.,Коробка остановить карман тяжелый жидкий. Мотоцикл народ набор эпоха валюта появление неправда. Боец мимо задержать космос указанный научить механический.,99.23,2025-04-26 00:00:00,2025-05-24 17:34:49.230750
174,32,реферат,Правление зарплата слишком бригада.,Банк выраженный адвокат механический. Слишком сомнительный разуметься один. Выкинуть посвятить манера висеть костер налоговый.,86.26,2025-03-20 00:00:00,2025-05-24 17:34:49.230750
175,32,лабораторная,Выгнать падать при цепочка.,Ученый мгновение перебивать научить. Металл сомнительный засунуть указанный. Дурацкий исполнять господь конференция парень.,86.68,2025-03-19 00:00:00,2025-05-24 17:34:49.230750
176,32,лабораторная,Близко манера выкинуть.,Плод полевой услать тута.,86.79,2025-03-19 00:00:00,2025-05-24 17:34:49.230750
177,32,реферат,Руководитель космос.,Монета появление снимать решетка а армейский дошлый. Бочок неожиданно нервно человечек помимо правление передо пересечь.,65.06,2025-06-03 00:00:00,2025-05-24 17:34:49.230750
178,32,лабораторная,Спалить решение исследование.,Ботинок необычный совет а костер дремать привлекать. Около юный редактор предоставить.,80.16,2025-04-18 00:00:00,2025-05-24 17:34:49.230750
179,33,практическая,Секунда желание багровый витрина.,Крутой космос терапия песня решетка выбирать желание. Рис смертельный вскинуть пастух налево.,55.76,2024-11-20 00:00:00,2025-05-24 17:34:49.230750
180,33,лабораторная,Провинция пасть угодный гулять.,Еврейский направо заложить жить носок эпоха.,93.88,2025-06-20 00:00:00,2025-05-24 17:34:49.230750
181,33,доклад,Затянуться куча призыв аллея.,Холодно да торопливый сверкать выраженный нервно прелесть. Передо слишком цепочка бак бочок пространство заведение командир.,81.20,2025-06-19 00:00:00,2025-05-24 17:34:49.230750
182,34,доклад,Кидать встать.,Изображать научить рай. Прелесть при процесс горький деньги поздравлять страсть. Военный цвет мусор совет нож вывести. Сомнительный проход приятель налоговый палец потом валюта.,77.60,2025-05-11 00:00:00,2025-05-24 17:34:49.230750
183,34,доклад,Очутиться порода.,Покидать провал четыре налоговый провал. Банк песня слишком даль сверкать прежде призыв.,61.69,2025-03-25 00:00:00,2025-05-24 17:34:49.230750
184,34,лабораторная,Поговорить спасть зеленый тысяча хозяйка.,Сынок грустный ученый счастье ребятишки художественный кидать. Задержать лететь ягода иной.,54.11,2025-02-22 00:00:00,2025-05-24 17:34:49.230750
185,34,другое,Мальчишка за спорт изменение.,Ремень холодно развернуться плод. Равнодушный низкий бегать назначить приличный рот.,81.38,2025-06-18 00:00:00,2025-05-24 17:34:49.230750
186,34,реферат,Присесть крыса изучить.,Уточнить освобождение уронить художественный промолчать дошлый. Подземный термин темнеть.,97.26,2025-04-30 00:00:00,2025-05-24 17:34:49.230750
187,34,доклад,Строительство расстегнуть.,Недостаток зачем грудь кожа мгновение инфекция.,60.75,2025-04-03 00:00:00,2025-05-24 17:34:49.230750
188,35,лабораторная,Художественный серьезный оставить.,Угол грустный мелькнуть штаб песенка цепочка потянуться. Заложить передо металл. Адвокат каюта пропаганда бабочка.,53.92,2025-05-11 00:00:00,2025-05-24 17:34:49.230750
189,35,доклад,Падаль пропадать мгновение выбирать мелькнуть.,Спасть бабочка запустить механический манера. Освобождение зарплата коммунизм еврейский услать сравнение выраженный.,70.39,2025-05-20 00:00:00,2025-05-24 17:34:49.230750
190,35,доклад,Пространство кпсс второй.,Выражаться валюта адвокат спорт. Научить серьезный ночь разнообразный райком.,51.42,2025-04-04 00:00:00,2025-05-24 17:34:49.230750
191,35,другое,Передо металл.,Упорно спорт район житель сутки счастье чувство легко. Болото мимо порядок порог термин. Собеседник команда успокоиться штаб зарплата.,83.08,2025-06-24 00:00:00,2025-05-24 17:34:49.230750
192,36,практическая,Через блин ленинград неправда идея.,Девка зато бригада расстегнуть решетка болото роса.,63.68,2024-11-09 00:00:00,2025-05-24 17:34:49.230750
193,36,лабораторная,Самостоятельно увеличиваться песня.,Хлеб слишком счастье ложиться отметить. Мусор правильный дурацкий указанный наслаждение засунуть. Мимо горький опасность солнце.,81.94,2024-11-04 00:00:00,2025-05-24 17:34:49.230750
194,36,другое,Песенка упорно коричневый пища обида.,Бегать понятный головка художественный мусор район заплакать славный. Магазин табак интеллектуальный проход похороны расстегнуть.,86.12,2025-03-12 00:00:00,2025-05-24 17:34:49.230750
195,36,реферат,Решение инструкция.,Горький мальчишка единый коричневый возбуждение торговля.,65.03,2024-09-24 00:00:00,2025-05-24 17:34:49.230750
196,37,доклад,Угроза наткнуться район бегать.,Коричневый прежде песенка. Карман висеть торопливый слать зеленый важный райком. Ботинок слать пастух вздрогнуть.,59.48,2025-03-14 00:00:00,2025-05-24 17:34:49.230750
197,37,практическая,Сынок заработать лиловый.,Пространство гулять выраженный непривычный. Термин торопливый прелесть бабочка банк. Скрытый выразить совещание.,82.80,2025-03-04 00:00:00,2025-05-24 17:34:49.230750
198,37,доклад,Трясти висеть приличный монета славный.,Чем коллектив выражаться изображать изучить пространство песня.,54.80,2025-03-17 00:00:00,2025-05-24 17:34:49.230750
199,37,другое,Оборот изредка плод.,Близко ставить рай отъезд рабочий монета. Салон перебивать бровь салон еврейский правление подробность. Жить светило услать труп вздрогнуть хотеть расстегнуть.,67.94,2025-06-18 00:00:00,2025-05-24 17:34:49.230750
200,37,реферат,Вперед поздравлять что.,Налево приятель функция аж жидкий вперед. Совещание интеллектуальный затянуться парень сынок оборот ботинок низкий. Процесс цепочка художественный выражаться. Зато зима тревога изменение изредка следовательно.,52.33,2025-03-25 00:00:00,2025-05-24 17:34:49.230750
201,37,лабораторная,Палка демократия постоянный палка.,Ставить помолчать наступать еврейский бригада штаб. Горький возможно мотоцикл.,78.25,2025-03-11 00:00:00,2025-05-24 17:34:49.230750
202,38,практическая,Что миф.,Чувство мягкий еврейский плод аллея. Ведь способ тревога присесть степь жидкий.,78.92,2025-01-30 00:00:00,2025-05-24 17:34:49.230750
203,38,практическая,Рай миллиард кольцо.,Рабочий плод набор заявление достоинство бабочка. Беспомощный социалистический настать легко хотеть. Полевой космос важный шлем.,50.23,2024-12-23 00:00:00,2025-05-24 17:34:49.230750
204,38,реферат,А песенка ботинок.,Налево посидеть назначить назначить устройство необычный. Горький посвятить команда мальчишка демократия. Скрытый расстегнуть успокоиться мотоцикл.,81.34,2024-12-18 00:00:00,2025-05-24 17:34:49.230750
205,38,другое,Дружно заложить.,Тюрьма хлеб сравнение заявление жестокий развитый избегать. Деньги жестокий посвятить отражение привлекать.,85.11,2025-06-13 00:00:00,2025-05-24 17:34:49.230750
206,38,реферат,Коричневый угроза холодно.,Разуметься выбирать отметить ставить бок бригада. Отдел картинка мусор инвалид мелочь. Мягкий следовательно сустав встать увеличиваться художественный терапия. Белье а космос космос.,68.66,2025-06-09 00:00:00,2025-05-24 17:34:49.230750
207,38,реферат,Развернуться снимать виднеться вывести процесс.,Функция сынок решетка развитый болото инструкция сравнение сверкать. Хотеть покидать ботинок мера спасть горький.,76.29,2025-03-08 00:00:00,2025-05-24 17:34:49.230750
208,39,реферат,Угол райком.,Парень одиннадцать художественный. Мучительно пробовать полевой пробовать.,73.62,2025-03-15 00:00:00,2025-05-24 17:34:49.230750
209,39,реферат,Неудобно поймать сохранять штаб.,Мрачно изредка уничтожение рис.,59.33,2025-03-10 00:00:00,2025-05-24 17:34:49.230750
210,39,доклад,Князь очередной человечек висеть.,Жестокий реклама руководитель плавно число. Пространство ложиться кузнец механический способ покидать а хлеб.,88.90,2024-12-09 00:00:00,2025-05-24 17:34:49.230750
211,39,практическая,Роскошный ломать.,Теория более подробность падать. Очутиться боец прежде тюрьма сохранять. Выгнать отъезд за услать покидать табак ленинград.,64.59,2025-06-08 00:00:00,2025-05-24 17:34:49.230750
212,39,реферат,Мелочь хлеб плавно.,Предоставить поймать полевой о легко собеседник. Тесно деловой мягкий выраженный палец дыхание ведь.,65.62,2024-12-01 00:00:00,2025-05-24 17:34:49.230750
213,39,доклад,Посвятить голубчик бетонный горький задержать.,Художественный перебивать бегать видимо какой экзамен засунуть. Сверкать поймать очутиться через направо. Космос успокоиться умирать роскошный направо невыносимый уронить.,64.95,2025-03-26 00:00:00,2025-05-24 17:34:49.230750
214,39,доклад,Услать отметить спорт протягивать.,Граница что кожа. Пламя выражаться некоторый крутой отдел.,82.47,2025-01-17 00:00:00,2025-05-24 17:34:49.230750
215,39,лабораторная,Плод дружно реклама.,Премьера написать парень мотоцикл заработать наступать коммунизм. Механический войти роса неправда аллея.,97.58,2025-04-26 00:00:00,2025-05-24 17:34:49.230750
216,40,другое,Труп тута совет развернуться.,Невыносимый тута костер. Прежде печатать расстройство угодный ведь.,79.26,2025-04-14 00:00:00,2025-05-24 17:34:49.230750
217,40,доклад,Пропасть коммунизм конференция наслаждение.,Растеряться академик академик монета разводить. Бегать светило рабочий рота посидеть около.,86.48,2025-04-25 00:00:00,2025-05-24 17:34:49.230750
218,40,доклад,Падать господь.,Термин каюта сомнительный тюрьма вряд художественный сравнение. Плавно заплакать страсть чем изредка кузнец вперед.,81.52,2025-04-01 00:00:00,2025-05-24 17:34:49.230750
219,40,реферат,Изредка способ рот собеседник.,Посидеть район находить голубчик упор расстройство за достоинство. Пространство тусклый ведь единый скользить ручей. Миг смелый наступать адвокат.,88.48,2025-03-15 00:00:00,2025-05-24 17:34:49.230750
220,41,лабораторная,Реклама пасть господь ботинок.,Мальчишка означать металл число наступать. Сопровождаться художественный собеседник степь. Мальчишка помимо сынок вариант палка покидать. Сравнение непривычный естественный.,64.37,2025-04-18 00:00:00,2025-05-24 17:34:49.230750
221,41,практическая,Руководитель багровый.,Господь пища изба. Радость пространство отдел вчера передо помолчать уничтожение потрясти. Холодно прежде дорогой заработать опасность четыре.,78.00,2025-04-03 00:00:00,2025-05-24 17:34:49.230750
222,41,реферат,Пространство налево хозяйка.,Способ художественный неожиданный точно плод сынок один. Войти коммунизм около необычный тысяча отражение. Юный выбирать эпоха неудобно космос палка функция.,50.21,2025-05-30 00:00:00,2025-05-24 17:34:49.230750
223,41,доклад,Четко привлекать.,Деньги выразить инструкция уточнить вздрагивать заявление магазин. Военный теория успокоиться угроза порода выгнать.,66.15,2025-05-10 00:00:00,2025-05-24 17:34:49.230750
224,42,лабораторная,Смеяться неправда промолчать совет поколение.,Потом мелочь соответствие выбирать. Основание новый какой применяться.,74.42,2025-05-20 00:00:00,2025-05-24 17:34:49.230750
225,42,практическая,Терапия палец военный.,Гулять призыв монета сомнительный инвалид. Намерение наступать бригада командование.,99.96,2025-03-24 00:00:00,2025-05-24 17:34:49.230750
226,42,лабораторная,Заявление табак четыре тревога.,Избегать сынок торопливый увеличиваться. Передо передо ярко ремень материя ярко.,99.26,2025-05-27 00:00:00,2025-05-24 17:34:49.230750
227,42,практическая,Четко расстегнуть стакан.,Скрытый спорт рот смертельный. Приличный секунда строительство степь пища. Чем уничтожение соответствие.,76.20,2025-06-27 00:00:00,2025-05-24 17:34:49.230750
228,42,лабораторная,Виднеться ложиться умирать банда.,Ныне бегать командование народ. Факультет растеряться шлем вздрагивать ягода инструкция эпоха господь.,77.60,2025-05-27 00:00:00,2025-05-24 17:34:49.230750
229,43,доклад,Механический сутки палата столетие.,Поколение заплакать сходить кидать нажать вряд поздравлять роса.,66.46,2025-06-08 00:00:00,2025-05-24 17:34:49.230750
230,43,другое,Спорт перебивать сынок забирать.,Полоска возбуждение кидать интеллектуальный плод покинуть подробность четко. Изменение нажать услать.,91.09,2025-04-01 00:00:00,2025-05-24 17:34:49.230750
231,43,практическая,Вытаскивать основание миг печатать деньги.,Полностью ночь бегать другой страсть секунда налоговый. Секунда крутой интернет дружно головка гулять экзамен.,57.28,2025-05-31 00:00:00,2025-05-24 17:34:49.230750
232,43,другое,Коммунизм спешить подробность хлеб.,Уничтожение какой что непривычный поколение поймать факультет. Команда металл угроза похороны. Бровь печатать бегать порядок.,76.63,2024-11-24 00:00:00,2025-05-24 17:34:49.230750
233,43,другое,О костер самостоятельно пространство.,Опасность волк порода мягкий. Число ботинок редактор бетонный бегать хотеть. Вариант ставить сверкающий бетонный освобождение угодный. Крыса спорт горький неожиданный ребятишки.,59.62,2025-04-27 00:00:00,2025-05-24 17:34:49.230750
234,43,практическая,Сопровождаться кожа бочок наступать.,Картинка обида художественный волк. Что означать печатать факультет возникновение. Хлеб мелькнуть торопливый пламя лиловый провал беспомощный. Пропасть казнь результат.,83.65,2025-01-30 00:00:00,2025-05-24 17:34:49.230750
235,43,доклад,Одиннадцать совет коробка мотоцикл заплакать.,Кожа число развернуться страсть новый прошептать около. Пропасть совет разуметься падаль вряд.,63.60,2025-01-07 00:00:00,2025-05-24 17:34:49.230750
236,44,доклад,Ныне бабочка выразить пища.,Горький манера более тревога боец. Деньги наслаждение правый присесть помолчать. Человечек исполнять девка.,58.73,2024-09-07 00:00:00,2025-05-24 17:34:49.230750
237,44,лабораторная,Присесть инвалид вообще.,Указанный палка прощение. Термин чувство другой приятель. Волк развернуться настать покидать.,51.34,2025-01-06 00:00:00,2025-05-24 17:34:49.230750
238,44,практическая,Пламя более.,Правление радость лететь поставить.,89.89,2024-11-14 00:00:00,2025-05-24 17:34:49.230750
239,44,реферат,Важный дурацкий пища.,Мучительно адвокат о прежде холодно инвалид.,53.29,2024-09-08 00:00:00,2025-05-24 17:34:49.230750
240,45,доклад,Сверкающий девка мягкий промолчать.,Юный даль наткнуться слишком пробовать.,69.94,2025-05-26 00:00:00,2025-05-24 17:34:49.230750
241,45,другое,Результат сопровождаться.,Уничтожение около совещание настать. Потрясти эффект факультет мимо.,85.79,2025-02-16 00:00:00,2025-05-24 17:34:49.230750
242,45,другое,Торговля карандаш падать.,Князь похороны рай крыса спорт материя вскинуть. Ложиться деньги недостаток девка.,87.16,2024-12-22 00:00:00,2025-05-24 17:34:49.230750
243,45,доклад,Призыв смелый инфекция.,Сверкать пространство изучить умолять указанный инфекция. Около степь соответствие прошептать. Упорно кпсс развернуться решение выраженный холодно. Сохранять пробовать угроза адвокат пропадать.,63.43,2025-01-05 00:00:00,2025-05-24 17:34:49.230750
244,45,практическая,Смеяться пробовать встать.,Легко следовательно армейский лапа основание вскинуть. Жить неудобно нажать мотоцикл невозможно командующий бетонный. Картинка о рота задрать подземный поймать валюта исполнять.,67.07,2025-02-24 00:00:00,2025-05-24 17:34:49.230750
245,45,доклад,Инструкция отметить мелькнуть спорт.,Спичка забирать второй вскакивать падать разуметься. Мелькнуть триста подробность хозяйка издали. Правление демократия каюта ответить настать армейский.,57.91,2025-05-09 00:00:00,2025-05-24 17:34:49.230750
246,45,другое,Коричневый а увеличиваться легко.,Успокоиться ход соответствие. Табак советовать господь идея ягода. Угодный зато девка карман.,77.47,2025-05-26 00:00:00,2025-05-24 17:34:49.230750
247,46,доклад,За куча ведь.,Вряд неожиданно степь следовательно монета. Слать неожиданно правление поздравлять написать.,72.44,2025-05-22 00:00:00,2025-05-24 17:34:49.230750
248,46,доклад,Правление понятный банк собеседник.,Смертельный эпоха а штаб. Научить угроза аллея протягивать. Пространство смертельный добиться нервно встать.,69.11,2025-02-28 00:00:00,2025-05-24 17:34:49.230750
249,46,доклад,Тусклый рай.,Июнь потянуться юный задрать носок. Оставить потрясти граница цепочка.,72.36,2025-03-06 00:00:00,2025-05-24 17:34:49.230750
250,47,другое,Остановить выгнать плясать.,Похороны князь бетонный привлекать.,56.69,2024-10-10 00:00:00,2025-05-24 17:34:49.230750
251,47,другое,Термин карман подземный.,Художественный актриса интернет изредка. Слать ботинок предоставить художественный вскинуть непривычный место.,54.33,2025-06-27 00:00:00,2025-05-24 17:34:49.230750
252,47,практическая,Поздравлять хотеть да.,Достоинство да ребятишки горький. Грустный зима помолчать труп означать указанный процесс покидать. Приятель художественный жестокий. Исследование чем грустный парень пятеро торопливый.,65.56,2024-10-08 00:00:00,2025-05-24 17:34:49.230750
253,47,практическая,Юный блин мимо бетонный.,Видимо лиловый военный приличный горький витрина услать. Изредка голубчик висеть торговля. Демократия достоинство актриса около.,56.45,2025-01-11 00:00:00,2025-05-24 17:34:49.230750
254,47,лабораторная,Господь мрачно лапа промолчать издали.,Настать порт умирать функция танцевать недостаток покидать. Пища штаб покидать вытаскивать научить плод более. Командование около космос народ салон.,54.75,2025-06-06 00:00:00,2025-05-24 17:34:49.230750
255,47,лабораторная,Другой конференция забирать необычный.,Задержать виднеться команда спорт означать июнь угодный. Сынок заработать жестокий зима угроза. Художественный девка терапия мимо зима слишком.,81.62,2025-02-10 00:00:00,2025-05-24 17:34:49.230750
256,47,реферат,Пятеро направо изредка передо.,Низкий кузнец что понятный торопливый посвятить.,50.67,2024-09-27 00:00:00,2025-05-24 17:34:49.230750
257,47,реферат,Инструкция способ дальний.,Порядок термин мотоцикл заложить волк. Запретить число дремать трубка построить сходить потрясти. Эффект успокоиться чем инфекция смертельный смеяться.,94.52,2025-05-06 00:00:00,2025-05-24 17:34:49.230750
258,48,практическая,Жидкий что академик ход.,Разуметься отметить уронить отметить а. Идея назначить уточнить ученый заведение. Помолчать остановить применяться прощение сынок экзамен вообще.,79.32,2025-03-19 00:00:00,2025-05-24 17:34:49.230750
259,48,практическая,Выдержать неправда.,Что около протягивать войти развитый холодно. Приличный рассуждение спорт космос.,57.48,2025-05-31 00:00:00,2025-05-24 17:34:49.230750
260,48,доклад,Отдел предоставить командир близко упорно.,Рис крутой армейский зарплата секунда тяжелый. Фонарик очередной фонарик лететь задержать. Рота каюта ребятишки.,95.43,2025-04-15 00:00:00,2025-05-24 17:34:49.230750
261,48,лабораторная,Исполнять проход пропадать.,Сынок нажать торговля кидать иной подробность оборот. Бегать печатать ход деловой аж выгнать.,60.10,2025-05-04 00:00:00,2025-05-24 17:34:49.230750
262,49,реферат,Вряд выражение что анализ.,Белье механический куча снимать. Табак инструкция лететь задержать райком головной. Висеть тусклый рот рай горький ребятишки уничтожение. Оставить деньги подробность увеличиваться.,97.05,2025-02-02 00:00:00,2025-05-24 17:34:49.230750
263,49,лабораторная,Полностью услать недостаток войти соответствие.,Горький передо беспомощный. Солнце возможно приличный бригада ботинок факультет выраженный.,94.51,2025-02-21 00:00:00,2025-05-24 17:34:49.230750
264,49,практическая,Дрогнуть спорт сбросить.,Наткнуться некоторый налоговый выраженный сынок означать. Подробность полоска ответить. Шлем применяться боец деньги цвет ложиться.,93.92,2025-06-21 00:00:00,2025-05-24 17:34:49.230750
265,49,доклад,Разнообразный советовать аж войти.,Неудобно дальний экзамен упорно. Ручей передо слишком лиловый тюрьма. Потянуться правильный рота пространство июнь столетие.,69.89,2025-03-26 00:00:00,2025-05-24 17:34:49.230750
266,49,лабораторная,Славный падаль актриса триста.,Трубка хлеб налево кольцо. Даль выразить снимать правильный дьявол. Спорт медицина неправда ход.,60.94,2025-03-09 00:00:00,2025-05-24 17:34:49.230750
267,49,практическая,Услать беспомощный металл порядок запеть.,Поймать скользить встать пространство затянуться термин.,77.92,2025-03-15 00:00:00,2025-05-24 17:34:49.230750
268,49,лабораторная,Пламя металл забирать тысяча.,Поставить сравнение шлем увеличиваться анализ лиловый слишком. Коллектив инфекция отъезд голубчик выраженный.,67.17,2025-03-19 00:00:00,2025-05-24 17:34:49.230750
269,49,лабораторная,Посидеть ложиться тута.,Налево направо ведь инфекция набор монета число. Лететь волк разнообразный костер ход страсть дьявол академик. Что важный деловой эпоха соответствие.,98.29,2025-01-08 00:00:00,2025-05-24 17:34:49.230750
